{
  "kind": "fake_hardware_noise_sim",
  "timestamp": "20260224_150647",
  "backend": "ibm_torino",
  "shots": 10000,
  "angles": {
    "alpha": 4.71238898038469,
    "beta1": 2.356194490192345,
    "beta2": 0.7853981633974483
  },
  "agents": {
    "Reflex": {
      "E": {
        "A1B1": -0.6086,
        "A1B2": 0.6194,
        "A2B1": -0.5948,
        "A2B2": -0.5708
      },
      "counts": {
        "A1B1": {
          "01": 4104,
          "11": 968,
          "00": 989,
          "10": 3939
        },
        "A1B2": {
          "01": 951,
          "10": 952,
          "00": 4071,
          "11": 4026
        },
        "A2B1": {
          "01": 4022,
          "00": 1040,
          "11": 986,
          "10": 3952
        },
        "A2B2": {
          "00": 1058,
          "11": 1088,
          "10": 3901,
          "01": 3953
        }
      },
      "S_SB": 0.39360000000000017,
      "S_SB_err_1sigma_shotnoise": 0.02
    },
    "Guessing": {
      "E": {
        "A1B1": -0.5916,
        "A1B2": 0.589,
        "A2B1": -0.5432,
        "A2B2": -0.5386
      },
      "counts": {
        "A1B1": {
          "01": 4038,
          "00": 1008,
          "11": 1034,
          "10": 3920
        },
        "A1B2": {
          "01": 980,
          "10": 1075,
          "11": 3983,
          "00": 3962
        },
        "A2B1": {
          "11": 1117,
          "00": 1167,
          "10": 3875,
          "01": 3841
        },
        "A2B2": {
          "01": 3791,
          "11": 1134,
          "10": 3902,
          "00": 1173
        }
      },
      "S_SB": 0.2624000000000004,
      "S_SB_err_1sigma_shotnoise": 0.02
    },
    "Betting": {
      "E": {
        "A1B1": -0.6434,
        "A1B2": 0.6428,
        "A2B1": -0.6266,
        "A2B2": -0.624
      },
      "counts": {
        "A1B1": {
          "11": 879,
          "10": 4155,
          "00": 904,
          "01": 4062
        },
        "A1B2": {
          "01": 890,
          "10": 896,
          "00": 4085,
          "11": 4129
        },
        "A2B1": {
          "01": 4052,
          "11": 930,
          "00": 937,
          "10": 4081
        },
        "A2B2": {
          "01": 4054,
          "11": 908,
          "00": 972,
          "10": 4066
        }
      },
      "S_SB": 0.5367999999999999,
      "S_SB_err_1sigma_shotnoise": 0.02
    }
  }
}