{
  "kind": "fake_hardware_noise_sim",
  "timestamp": "20260223_153002",
  "backend": "ibm_torino",
  "shots": 10000,
  "angles": {
    "alpha": 4.71238898038469,
    "beta1": 2.356194490192345,
    "beta2": 0.7853981633974483
  },
  "agents": {
    "Reflex": {
      "E": {
        "A1B1": -0.6132,
        "A1B2": 0.619,
        "A2B1": -0.595,
        "A2B2": -0.5896
      },
      "counts": {
        "A1B1": {
          "00": 971,
          "10": 4077,
          "11": 963,
          "01": 3989
        },
        "A1B2": {
          "01": 983,
          "10": 922,
          "11": 4041,
          "00": 4054
        },
        "A2B1": {
          "00": 1038,
          "10": 3995,
          "11": 987,
          "01": 3980
        },
        "A2B2": {
          "01": 3975,
          "00": 1017,
          "10": 3973,
          "11": 1035
        }
      },
      "S_SB": 0.41679999999999984,
      "S_SB_err_1sigma_shotnoise": 0.02
    },
    "Guessing": {
      "E": {
        "A1B1": -0.5778,
        "A1B2": 0.5952,
        "A2B1": -0.5558000000000001,
        "A2B2": -0.5364
      },
      "counts": {
        "A1B1": {
          "01": 3906,
          "11": 1009,
          "10": 3983,
          "00": 1102
        },
        "A1B2": {
          "01": 991,
          "00": 3973,
          "10": 1033,
          "11": 4003
        },
        "A2B1": {
          "01": 3898,
          "11": 1116,
          "00": 1105,
          "10": 3881
        },
        "A2B2": {
          "11": 1181,
          "00": 1137,
          "10": 3891,
          "01": 3791
        }
      },
      "S_SB": 0.2652000000000001,
      "S_SB_err_1sigma_shotnoise": 0.02
    },
    "Betting": {
      "E": {
        "A1B1": -0.6464000000000001,
        "A1B2": 0.6286,
        "A2B1": -0.6285999999999999,
        "A2B2": -0.642
      },
      "counts": {
        "A1B1": {
          "00": 908,
          "11": 860,
          "10": 4111,
          "01": 4121
        },
        "A1B2": {
          "01": 950,
          "10": 907,
          "00": 4060,
          "11": 4083
        },
        "A2B1": {
          "11": 911,
          "00": 946,
          "10": 4034,
          "01": 4109
        },
        "A2B2": {
          "01": 4173,
          "11": 876,
          "00": 914,
          "10": 4037
        }
      },
      "S_SB": 0.5455999999999999,
      "S_SB_err_1sigma_shotnoise": 0.02
    }
  }
}