{
  "kind": "fake_hardware_noise_sim",
  "timestamp": "20260224_150931",
  "backend": "ibm_torino",
  "shots": 10000,
  "angles": {
    "alpha": 4.71238898038469,
    "beta1": 2.356194490192345,
    "beta2": 0.7853981633974483
  },
  "agents": {
    "Reflex": {
      "E": {
        "A1B1": -0.6254,
        "A1B2": 0.6218,
        "A2B1": -0.5913999999999999,
        "A2B2": -0.5871999999999999
      },
      "counts": {
        "A1B1": {
          "01": 4023,
          "11": 958,
          "00": 915,
          "10": 4104
        },
        "A1B2": {
          "01": 933,
          "10": 958,
          "11": 4089,
          "00": 4020
        },
        "A2B1": {
          "01": 3969,
          "11": 1014,
          "00": 1029,
          "10": 3988
        },
        "A2B2": {
          "11": 1023,
          "00": 1041,
          "10": 4003,
          "01": 3933
        }
      },
      "S_SB": 0.42579999999999973,
      "S_SB_err_1sigma_shotnoise": 0.02
    },
    "Guessing": {
      "E": {
        "A1B1": -0.5904,
        "A1B2": 0.596,
        "A2B1": -0.5327999999999999,
        "A2B2": -0.5498000000000001
      },
      "counts": {
        "A1B1": {
          "00": 1036,
          "11": 1012,
          "10": 3998,
          "01": 3954
        },
        "A1B2": {
          "10": 1025,
          "00": 4022,
          "11": 3958,
          "01": 995
        },
        "A2B1": {
          "01": 3822,
          "11": 1179,
          "00": 1157,
          "10": 3842
        },
        "A2B2": {
          "01": 3855,
          "11": 1130,
          "10": 3894,
          "00": 1121
        }
      },
      "S_SB": 0.26900000000000013,
      "S_SB_err_1sigma_shotnoise": 0.02
    },
    "Betting": {
      "E": {
        "A1B1": -0.634,
        "A1B2": 0.6336,
        "A2B1": -0.6364000000000001,
        "A2B2": -0.6152
      },
      "counts": {
        "A1B1": {
          "00": 967,
          "10": 4096,
          "11": 863,
          "01": 4074
        },
        "A1B2": {
          "01": 922,
          "10": 910,
          "00": 3992,
          "11": 4176
        },
        "A2B1": {
          "01": 4166,
          "11": 912,
          "10": 4016,
          "00": 906
        },
        "A2B2": {
          "11": 960,
          "10": 4077,
          "00": 964,
          "01": 3999
        }
      },
      "S_SB": 0.5192000000000001,
      "S_SB_err_1sigma_shotnoise": 0.02
    }
  }
}