{
  "kind": "lf_violations",
  "source_file": "noiseless_simulation.json",
  "source_path": "/Users/joshua/PycharmProjects/agent-like-observers-ewfs/data/data_noiseless_simulation/noiseless_simulation_20260408_094557/noiseless_simulation.json",
  "agents": {
    "Betting Agent": {
      "S": 0.8303818052908918,
      "correlators": {
        "E11": -0.7090603489675044,
        "E12": 0.707480251491214,
        "E21": -0.702856690670254,
        "E22": -0.7109845141619193
      },
      "correlator_shots": {
        "E11": 24988,
        "E12": 24812,
        "E21": 25274,
        "E22": 24926
      },
      "num_bitstrings": 24,
      "total_shots": 100000,
      "violation": true
    },
    "Guessing Agent": {
      "S": 0.825155780972274,
      "correlators": {
        "E11": -0.7066933066933067,
        "E12": 0.7017042020869425,
        "E21": -0.7105242160695763,
        "E22": -0.7062340561224489
      },
      "correlator_shots": {
        "E11": 25025,
        "E12": 24821,
        "E21": 25066,
        "E22": 25088
      },
      "num_bitstrings": 24,
      "total_shots": 100000,
      "violation": true
    },
    "Reflex Agent": {
      "S": 0.8497394386622208,
      "correlators": {
        "E11": -0.7142059726486185,
        "E12": 0.7133392583016887,
        "E21": -0.7084971515686432,
        "E22": -0.7136970561432703
      },
      "correlator_shots": {
        "E11": 25081,
        "E12": 24754,
        "E21": 24926,
        "E22": 25239
      },
      "num_bitstrings": 16,
      "total_shots": 100000,
      "violation": true
    },
    "Always 3/4 Agent": {
      "S": 0.8259772700924106,
      "correlators": {
        "E11": -0.7097394789579158,
        "E12": 0.705424490450971,
        "E21": -0.7094594594594594,
        "E22": -0.7013538412240647
      },
      "correlator_shots": {
        "E11": 24950,
        "E12": 24924,
        "E21": 25160,
        "E22": 24966
      },
      "num_bitstrings": 24,
      "total_shots": 100000,
      "violation": true
    }
  }
}