{
  "kind": "lf_violations",
  "source_file": "fake_hardware_noise_sim.json",
  "source_path": "/Users/joshua/PycharmProjects/agent-like-observers-ewfs/data/data_fake_hardware/ibm_marrakesh_20260408_094840/fake_hardware_noise_sim.json",
  "agents": {
    "Betting Agent": {
      "S": 0.6865429224693718,
      "correlators": {
        "E11": -0.6980218005651998,
        "E12": 0.6743993371996686,
        "E21": -0.6486274509803922,
        "E22": -0.6654943337241109
      },
      "correlator_shots": {
        "E11": 2477,
        "E12": 2414,
        "E21": 2550,
        "E22": 2559
      },
      "num_bitstrings": 127,
      "total_shots": 10000,
      "violation": true
    },
    "Guessing Agent": {
      "S": 0.6943735986720148,
      "correlators": {
        "E11": -0.6751020408163265,
        "E12": 0.6900958466453674,
        "E21": -0.6699104710003893,
        "E22": -0.6592652402099314
      },
      "correlator_shots": {
        "E11": 2450,
        "E12": 2504,
        "E21": 2569,
        "E22": 2477
      },
      "num_bitstrings": 91,
      "total_shots": 10000,
      "violation": true
    },
    "Reflex Agent": {
      "S": 0.6209073830396958,
      "correlators": {
        "E11": -0.6607142857142857,
        "E12": 0.6677290836653387,
        "E21": -0.6401155592241023,
        "E22": -0.6523484544359694
      },
      "correlator_shots": {
        "E11": 2576,
        "E12": 2510,
        "E21": 2423,
        "E22": 2491
      },
      "num_bitstrings": 55,
      "total_shots": 10000,
      "violation": true
    },
    "Always 3/4 Agent": {
      "S": 0.7384742642360576,
      "correlators": {
        "E11": -0.6965742251223491,
        "E12": 0.6901408450704225,
        "E21": -0.673616680032077,
        "E22": -0.678142514011209
      },
      "correlator_shots": {
        "E11": 2452,
        "E12": 2556,
        "E21": 2494,
        "E22": 2498
      },
      "num_bitstrings": 119,
      "total_shots": 10000,
      "violation": true
    }
  }
}