{
  "Reflex": {
    "E_A1B1": -0.65,
    "E_A1B2": 0.678,
    "E_A2B1": -0.6280000000000001,
    "E_A2B2": -0.624,
    "S_SB": 0.5800000000000001,
    "S_SB_err_1sigma": 0.04831206888552797,
    "shots": 1000
  },
  "Guessing": {
    "E_A1B1": -0.556,
    "E_A1B2": 0.6160000000000001,
    "E_A2B1": -0.654,
    "E_A2B2": -0.642,
    "S_SB": 0.46799999999999997,
    "S_SB_err_1sigma": 0.04971446469590113,
    "shots": 1000
  },
  "Betting": {
    "E_A1B1": -0.6240000000000001,
    "E_A1B2": 0.662,
    "E_A2B1": -0.642,
    "E_A2B2": -0.5840000000000001,
    "S_SB": 0.512,
    "S_SB_err_1sigma": 0.04918495704989483,
    "shots": 1000
  }
}