{
  "kind": "fake_hardware_noise_sim",
  "timestamp": "20260224_150230",
  "backend": "ibm_torino",
  "shots": 10000,
  "angles": {
    "alpha": 4.71238898038469,
    "beta1": 2.356194490192345,
    "beta2": 0.7853981633974483
  },
  "agents": {
    "Reflex": {
      "E": {
        "A1B1": -0.6235999999999999,
        "A1B2": 0.6264,
        "A2B1": -0.6036,
        "A2B2": -0.591
      },
      "counts": {
        "A1B1": {
          "01": 4062,
          "00": 921,
          "11": 961,
          "10": 4056
        },
        "A1B2": {
          "01": 906,
          "00": 4129,
          "10": 962,
          "11": 4003
        },
        "A2B1": {
          "10": 3995,
          "00": 996,
          "11": 986,
          "01": 4023
        },
        "A2B2": {
          "00": 993,
          "11": 1052,
          "10": 3943,
          "01": 4012
        }
      },
      "S_SB": 0.44460000000000033,
      "S_SB_err_1sigma_shotnoise": 0.02
    },
    "Guessing": {
      "E": {
        "A1B1": -0.5806,
        "A1B2": 0.5831999999999999,
        "A2B1": -0.5588,
        "A2B2": -0.5442
      },
      "counts": {
        "A1B1": {
          "00": 1035,
          "10": 4019,
          "11": 1062,
          "01": 3884
        },
        "A1B2": {
          "01": 1050,
          "10": 1034,
          "00": 3962,
          "11": 3954
        },
        "A2B1": {
          "01": 3966,
          "11": 1076,
          "00": 1130,
          "10": 3828
        },
        "A2B2": {
          "01": 3768,
          "00": 1134,
          "11": 1145,
          "10": 3953
        }
      },
      "S_SB": 0.2667999999999999,
      "S_SB_err_1sigma_shotnoise": 0.02
    },
    "Betting": {
      "E": {
        "A1B1": -0.6384000000000001,
        "A1B2": 0.6414,
        "A2B1": -0.6482,
        "A2B2": -0.6315999999999999
      },
      "counts": {
        "A1B1": {
          "00": 888,
          "11": 920,
          "10": 4161,
          "01": 4031
        },
        "A1B2": {
          "01": 910,
          "10": 883,
          "00": 4098,
          "11": 4109
        },
        "A2B1": {
          "01": 4127,
          "11": 891,
          "10": 4114,
          "00": 868
        },
        "A2B2": {
          "01": 4051,
          "11": 876,
          "00": 966,
          "10": 4107
        }
      },
      "S_SB": 0.5595999999999997,
      "S_SB_err_1sigma_shotnoise": 0.02
    }
  }
}