{
  "kind": "fake_hardware_noise_sim",
  "timestamp": "20260224_144923",
  "backend": "ibm_torino",
  "shots": 10000,
  "angles": {
    "alpha": 4.71238898038469,
    "beta1": 2.356194490192345,
    "beta2": 0.7853981633974483
  },
  "agents": {
    "Reflex": {
      "E": {
        "A1B1": -0.6334,
        "A1B2": 0.6212,
        "A2B1": -0.5882,
        "A2B2": -0.5968
      },
      "counts": {
        "A1B1": {
          "01": 4078,
          "11": 900,
          "10": 4089,
          "00": 933
        },
        "A1B2": {
          "01": 950,
          "10": 944,
          "11": 4006,
          "00": 4100
        },
        "A2B1": {
          "00": 1078,
          "11": 981,
          "10": 3912,
          "01": 4029
        },
        "A2B2": {
          "01": 4015,
          "00": 980,
          "11": 1036,
          "10": 3969
        }
      },
      "S_SB": 0.4396,
      "S_SB_err_1sigma_shotnoise": 0.02
    },
    "Guessing": {
      "E": {
        "A1B1": -0.5559999999999999,
        "A1B2": 0.5864,
        "A2B1": -0.5349999999999999,
        "A2B2": -0.5438
      },
      "counts": {
        "A1B1": {
          "11": 1082,
          "00": 1138,
          "10": 3852,
          "01": 3928
        },
        "A1B2": {
          "01": 1026,
          "10": 1042,
          "00": 3895,
          "11": 4037
        },
        "A2B1": {
          "00": 1115,
          "11": 1210,
          "10": 3953,
          "01": 3722
        },
        "A2B2": {
          "01": 3781,
          "11": 1124,
          "00": 1157,
          "10": 3938
        }
      },
      "S_SB": 0.22119999999999962,
      "S_SB_err_1sigma_shotnoise": 0.02
    },
    "Betting": {
      "E": {
        "A1B1": -0.6324000000000001,
        "A1B2": 0.6334,
        "A2B1": -0.64,
        "A2B2": -0.639
      },
      "counts": {
        "A1B1": {
          "00": 884,
          "11": 954,
          "10": 4076,
          "01": 4086
        },
        "A1B2": {
          "01": 915,
          "10": 918,
          "11": 4080,
          "00": 4087
        },
        "A2B1": {
          "00": 921,
          "11": 879,
          "10": 4107,
          "01": 4093
        },
        "A2B2": {
          "11": 911,
          "00": 894,
          "10": 4150,
          "01": 4045
        }
      },
      "S_SB": 0.5448000000000004,
      "S_SB_err_1sigma_shotnoise": 0.02
    }
  }
}