{
  "kind": "fake_hardware_noise_sim",
  "timestamp": "20260223_151937",
  "backend": "ibm_torino",
  "shots": 10000,
  "angles": {
    "alpha": 4.71238898038469,
    "beta1": 2.356194490192345,
    "beta2": 0.7853981633974483
  },
  "agents": {
    "Reflex": {
      "E": {
        "A1B1": -0.6235999999999999,
        "A1B2": 0.6112,
        "A2B1": -0.598,
        "A2B2": -0.5928000000000001
      },
      "counts": {
        "A1B1": {
          "00": 931,
          "11": 951,
          "10": 4049,
          "01": 4069
        },
        "A1B2": {
          "01": 966,
          "00": 3977,
          "10": 978,
          "11": 4079
        },
        "A2B1": {
          "00": 1019,
          "11": 991,
          "10": 3900,
          "01": 4090
        },
        "A2B2": {
          "01": 3934,
          "00": 995,
          "11": 1041,
          "10": 4030
        }
      },
      "S_SB": 0.42559999999999976,
      "S_SB_err_1sigma_shotnoise": 0.02
    },
    "Guessing": {
      "E": {
        "A1B1": -0.5926,
        "A1B2": 0.5844,
        "A2B1": -0.5326,
        "A2B2": -0.5404
      },
      "counts": {
        "A1B1": {
          "00": 1066,
          "10": 4026,
          "11": 971,
          "01": 3937
        },
        "A1B2": {
          "01": 1071,
          "00": 3987,
          "10": 1007,
          "11": 3935
        },
        "A2B1": {
          "01": 3898,
          "00": 1126,
          "11": 1211,
          "10": 3765
        },
        "A2B2": {
          "00": 1153,
          "11": 1145,
          "10": 3847,
          "01": 3855
        }
      },
      "S_SB": 0.25,
      "S_SB_err_1sigma_shotnoise": 0.02
    },
    "Betting": {
      "E": {
        "A1B1": -0.6348,
        "A1B2": 0.617,
        "A2B1": -0.6358,
        "A2B2": -0.6327999999999999
      },
      "counts": {
        "A1B1": {
          "11": 912,
          "00": 914,
          "10": 4186,
          "01": 3988
        },
        "A1B2": {
          "01": 967,
          "10": 948,
          "00": 4133,
          "11": 3952
        },
        "A2B1": {
          "01": 4101,
          "00": 896,
          "11": 925,
          "10": 4078
        },
        "A2B2": {
          "01": 4168,
          "00": 880,
          "10": 3996,
          "11": 956
        }
      },
      "S_SB": 0.5204,
      "S_SB_err_1sigma_shotnoise": 0.02
    }
  }
}