{
  "kind": "lf_violations",
  "source_file": "real_hardware_run.json",
  "source_path": "/Users/joshua/PycharmProjects/masters_thesis_project/data/data_real_hardware/ibm_marrakesh_20260408_094215/real_hardware_run.json",
  "agents": {
    "Betting Agent": {
      "S": 0.3320191161658381,
      "correlators": {
        "E11": -0.6656792213288193,
        "E12": 0.60431654676259,
        "E21": -0.525343811394892,
        "E22": -0.5366795366795367
      },
      "correlator_shots": {
        "E11": 2363,
        "E12": 2502,
        "E21": 2545,
        "E22": 2590
      },
      "num_bitstrings": 197,
      "total_shots": 10000,
      "violation": true
    },
    "Guessing Agent": {
      "S": 0.43371907003692645,
      "correlators": {
        "E11": -0.6218736752861382,
        "E12": 0.6798732171156894,
        "E21": -0.5746388443017657,
        "E22": -0.5573333333333333
      },
      "correlator_shots": {
        "E11": 2359,
        "E12": 2524,
        "E21": 2492,
        "E22": 2625
      },
      "num_bitstrings": 112,
      "total_shots": 10000,
      "violation": true
    },
    "Reflex Agent": {
      "S": 0.47417862360698315,
      "correlators": {
        "E11": -0.6247933884297521,
        "E12": 0.6563517915309446,
        "E21": -0.5906477577615945,
        "E22": -0.6023856858846919
      },
      "correlator_shots": {
        "E11": 2420,
        "E12": 2456,
        "E21": 2609,
        "E22": 2515
      },
      "num_bitstrings": 64,
      "total_shots": 10000,
      "violation": true
    },
    "Always 3/4 Agent": {
      "S": 0.29853625007921814,
      "correlators": {
        "E11": -0.6099442777539649,
        "E12": 0.5766129032258065,
        "E21": -0.5122887864823349,
        "E22": -0.5996902826171119
      },
      "correlator_shots": {
        "E11": 2333,
        "E12": 2480,
        "E21": 2604,
        "E22": 2583
      },
      "num_bitstrings": 146,
      "total_shots": 10000,
      "violation": true
    }
  }
}