{
  "kind": "lf_violations",
  "source_file": "fake_hardware_noise_sim.json",
  "source_path": "/Users/joshua/PycharmProjects/agent-like-observers-ewfs/data/data_fake_hardware/ibm_marrakesh_20260408_100511/fake_hardware_noise_sim.json",
  "agents": {
    "Betting Agent": {
      "S": 0.6441984573664872,
      "correlators": {
        "E11": -0.6989332279731332,
        "E12": 0.6716178241670012,
        "E21": -0.6396761133603239,
        "E22": -0.6339712918660287
      },
      "correlator_shots": {
        "E11": 2531,
        "E12": 2491,
        "E21": 2470,
        "E22": 2508
      },
      "num_bitstrings": 136,
      "total_shots": 10000,
      "violation": true
    },
    "Guessing Agent": {
      "S": 0.6677466040699307,
      "correlators": {
        "E11": -0.6716297786720322,
        "E12": 0.6847649918962723,
        "E21": -0.6629482071713148,
        "E22": -0.6484036263303113
      },
      "correlator_shots": {
        "E11": 2485,
        "E12": 2468,
        "E21": 2510,
        "E22": 2537
      },
      "num_bitstrings": 89,
      "total_shots": 10000,
      "violation": true
    },
    "Reflex Agent": {
      "S": 0.6760310614771741,
      "correlators": {
        "E11": -0.6887254901960784,
        "E12": 0.6706152082537257,
        "E21": -0.659967845659164,
        "E22": -0.656722517368206
      },
      "correlator_shots": {
        "E11": 2448,
        "E12": 2617,
        "E21": 2488,
        "E22": 2447
      },
      "num_bitstrings": 56,
      "total_shots": 10000,
      "violation": true
    },
    "Always 3/4 Agent": {
      "S": 0.6160323180015457,
      "correlators": {
        "E11": -0.707740916271722,
        "E12": 0.6587864460204885,
        "E21": -0.6098945660989457,
        "E22": -0.6396103896103896
      },
      "correlator_shots": {
        "E11": 2532,
        "E12": 2538,
        "E21": 2466,
        "E22": 2464
      },
      "num_bitstrings": 122,
      "total_shots": 10000,
      "violation": true
    }
  }
}