{
  "kind": "lf_violations",
  "source_file": "fake_hardware_noise_sim.json",
  "source_path": "/Users/joshua/PycharmProjects/masters_thesis_project/data/data_fake_hardware/ibm_marrakesh_20260408_094629/fake_hardware_noise_sim.json",
  "agents": {
    "Betting Agent": {
      "S": 0.6594100294390137,
      "correlators": {
        "E11": -0.6975060337892196,
        "E12": 0.6678614097968937,
        "E21": -0.6628950448692938,
        "E22": -0.6311475409836066
      },
      "correlator_shots": {
        "E11": 2486,
        "E12": 2511,
        "E21": 2563,
        "E22": 2440
      },
      "num_bitstrings": 143,
      "total_shots": 10000,
      "violation": true
    },
    "Guessing Agent": {
      "S": 0.6592180114533033,
      "correlators": {
        "E11": -0.6697029702970297,
        "E12": 0.6836694345591142,
        "E21": -0.6588840522358528,
        "E22": -0.6469615543613063
      },
      "correlator_shots": {
        "E11": 2525,
        "E12": 2529,
        "E21": 2527,
        "E22": 2419
      },
      "num_bitstrings": 87,
      "total_shots": 10000,
      "violation": true
    },
    "Reflex Agent": {
      "S": 0.6544100743225139,
      "correlators": {
        "E11": -0.6617234468937876,
        "E12": 0.6620055932880543,
        "E21": -0.6655683690280065,
        "E22": -0.6651126651126651
      },
      "correlator_shots": {
        "E11": 2495,
        "E12": 2503,
        "E21": 2428,
        "E22": 2574
      },
      "num_bitstrings": 56,
      "total_shots": 10000,
      "violation": true
    },
    "Always 3/4 Agent": {
      "S": 0.7400539010994205,
      "correlators": {
        "E11": -0.7265500794912559,
        "E12": 0.7021445591739476,
        "E21": -0.6513026052104208,
        "E22": -0.660056657223796
      },
      "correlator_shots": {
        "E11": 2516,
        "E12": 2518,
        "E21": 2495,
        "E22": 2471
      },
      "num_bitstrings": 125,
      "total_shots": 10000,
      "violation": true
    }
  }
}