{
  "Reflex": {
    "E_A1B1": -0.6680000000000001,
    "E_A1B2": 0.666,
    "E_A2B1": -0.632,
    "E_A2B2": -0.638,
    "S_SB": 0.6040000000000001,
    "S_SB_err_1sigma": 0.047997416597146146,
    "shots": 1000
  },
  "Guessing": {
    "E_A1B1": -0.5720000000000001,
    "E_A1B2": 0.694,
    "E_A2B1": -0.5860000000000001,
    "E_A2B2": -0.5680000000000001,
    "S_SB": 0.41999999999999993,
    "S_SB_err_1sigma": 0.05025097013988884,
    "shots": 1000
  },
  "Betting": {
    "E_A1B1": -0.6320000000000001,
    "E_A1B2": 0.692,
    "E_A2B1": -0.6320000000000001,
    "E_A2B2": -0.5680000000000001,
    "S_SB": 0.524,
    "S_SB_err_1sigma": 0.048986365449990264,
    "shots": 1000
  }
}