{
  "kind": "fake_hardware_noise_sim",
  "timestamp": "20260224_145544",
  "backend": "ibm_torino",
  "shots": 10000,
  "angles": {
    "alpha": 4.71238898038469,
    "beta1": 2.356194490192345,
    "beta2": 0.7853981633974483
  },
  "agents": {
    "Reflex": {
      "E": {
        "A1B1": -0.6132,
        "A1B2": 0.6154000000000001,
        "A2B1": -0.5964,
        "A2B2": -0.6026
      },
      "counts": {
        "A1B1": {
          "01": 4039,
          "00": 928,
          "10": 4027,
          "11": 1006
        },
        "A1B2": {
          "01": 943,
          "10": 980,
          "00": 4006,
          "11": 4071
        },
        "A2B1": {
          "00": 1009,
          "10": 3889,
          "11": 1009,
          "01": 4093
        },
        "A2B2": {
          "00": 996,
          "11": 991,
          "10": 4000,
          "01": 4013
        }
      },
      "S_SB": 0.4276,
      "S_SB_err_1sigma_shotnoise": 0.02
    },
    "Guessing": {
      "E": {
        "A1B1": -0.5805999999999999,
        "A1B2": 0.5946,
        "A2B1": -0.5564,
        "A2B2": -0.5536
      },
      "counts": {
        "A1B1": {
          "01": 3967,
          "11": 1062,
          "10": 3936,
          "00": 1035
        },
        "A1B2": {
          "01": 1038,
          "00": 3920,
          "10": 989,
          "11": 4053
        },
        "A2B1": {
          "01": 3973,
          "11": 1104,
          "00": 1114,
          "10": 3809
        },
        "A2B2": {
          "01": 3888,
          "11": 1089,
          "00": 1143,
          "10": 3880
        }
      },
      "S_SB": 0.2851999999999997,
      "S_SB_err_1sigma_shotnoise": 0.02
    },
    "Betting": {
      "E": {
        "A1B1": -0.6278,
        "A1B2": 0.6355999999999999,
        "A2B1": -0.6336,
        "A2B2": -0.637
      },
      "counts": {
        "A1B1": {
          "01": 4089,
          "00": 963,
          "11": 898,
          "10": 4050
        },
        "A1B2": {
          "01": 927,
          "11": 4103,
          "00": 4075,
          "10": 895
        },
        "A2B1": {
          "01": 4060,
          "11": 911,
          "10": 4108,
          "00": 921
        },
        "A2B2": {
          "01": 4082,
          "00": 916,
          "10": 4103,
          "11": 899
        }
      },
      "S_SB": 0.5339999999999998,
      "S_SB_err_1sigma_shotnoise": 0.02
    }
  }
}