{
  "kind": "fake_hardware_noise_sim",
  "timestamp": "20260224_150041",
  "backend": "ibm_torino",
  "shots": 10000,
  "angles": {
    "alpha": 4.71238898038469,
    "beta1": 2.356194490192345,
    "beta2": 0.7853981633974483
  },
  "agents": {
    "Reflex": {
      "E": {
        "A1B1": -0.6292,
        "A1B2": 0.6162000000000001,
        "A2B1": -0.5993999999999999,
        "A2B2": -0.5746
      },
      "counts": {
        "A1B1": {
          "00": 931,
          "10": 4009,
          "11": 923,
          "01": 4137
        },
        "A1B2": {
          "01": 977,
          "10": 942,
          "11": 4045,
          "00": 4036
        },
        "A2B1": {
          "01": 4008,
          "11": 953,
          "00": 1050,
          "10": 3989
        },
        "A2B2": {
          "11": 1107,
          "00": 1020,
          "10": 3882,
          "01": 3991
        }
      },
      "S_SB": 0.4194,
      "S_SB_err_1sigma_shotnoise": 0.02
    },
    "Guessing": {
      "E": {
        "A1B1": -0.5904,
        "A1B2": 0.5756,
        "A2B1": -0.5092,
        "A2B2": -0.5489999999999999
      },
      "counts": {
        "A1B1": {
          "11": 1056,
          "10": 3977,
          "00": 992,
          "01": 3975
        },
        "A1B2": {
          "01": 1074,
          "10": 1048,
          "00": 3961,
          "11": 3917
        },
        "A2B1": {
          "01": 3728,
          "11": 1243,
          "00": 1211,
          "10": 3818
        },
        "A2B2": {
          "01": 3828,
          "00": 1092,
          "11": 1163,
          "10": 3917
        }
      },
      "S_SB": 0.22419999999999973,
      "S_SB_err_1sigma_shotnoise": 0.02
    },
    "Betting": {
      "E": {
        "A1B1": -0.6378,
        "A1B2": 0.6416,
        "A2B1": -0.6344000000000001,
        "A2B2": -0.635
      },
      "counts": {
        "A1B1": {
          "01": 4114,
          "00": 873,
          "10": 4075,
          "11": 938
        },
        "A1B2": {
          "01": 885,
          "10": 907,
          "11": 4110,
          "00": 4098
        },
        "A2B1": {
          "01": 4165,
          "11": 894,
          "00": 934,
          "10": 4007
        },
        "A2B2": {
          "01": 4088,
          "00": 920,
          "10": 4087,
          "11": 905
        }
      },
      "S_SB": 0.5488,
      "S_SB_err_1sigma_shotnoise": 0.02
    }
  }
}