{
  "kind": "lf_violations",
  "source_file": "fake_hardware_noise_sim.json",
  "source_path": "/Users/joshua/PycharmProjects/masters_thesis_project/data/data_fake_hardware/ibm_marrakesh_20260408_094003/fake_hardware_noise_sim.json",
  "agents": {
    "Betting Agent": {
      "S": 0.6249455462038522,
      "correlators": {
        "E11": -0.6587112171837709,
        "E12": 0.6607213634562029,
        "E21": -0.67421875,
        "E22": -0.6312942155638784
      },
      "correlator_shots": {
        "E11": 2514,
        "E12": 2523,
        "E21": 2560,
        "E22": 2403
      },
      "num_bitstrings": 137,
      "total_shots": 10000,
      "violation": true
    },
    "Guessing Agent": {
      "S": 0.6933657780479408,
      "correlators": {
        "E11": -0.7035557331202557,
        "E12": 0.6838379866299646,
        "E21": -0.643281807372176,
        "E22": -0.662690250925545
      },
      "correlator_shots": {
        "E11": 2503,
        "E12": 2543,
        "E21": 2523,
        "E22": 2431
      },
      "num_bitstrings": 86,
      "total_shots": 10000,
      "violation": true
    },
    "Reflex Agent": {
      "S": 0.6901893537968351,
      "correlators": {
        "E11": -0.6861167002012073,
        "E12": 0.6847607559308404,
        "E21": -0.68280204643841,
        "E22": -0.6365098512263772
      },
      "correlator_shots": {
        "E11": 2485,
        "E12": 2487,
        "E21": 2541,
        "E22": 2487
      },
      "num_bitstrings": 58,
      "total_shots": 10000,
      "violation": true
    },
    "Always 3/4 Agent": {
      "S": 0.7047830662672157,
      "correlators": {
        "E11": -0.6633741604109048,
        "E12": 0.6900515259611574,
        "E21": -0.6738863914997957,
        "E22": -0.6774709883953581
      },
      "correlator_shots": {
        "E11": 2531,
        "E12": 2523,
        "E21": 2447,
        "E22": 2499
      },
      "num_bitstrings": 116,
      "total_shots": 10000,
      "violation": true
    }
  }
}