{
  "kind": "fake_hardware_noise_sim",
  "timestamp": "20260224_145446",
  "backend": "ibm_torino",
  "shots": 10000,
  "angles": {
    "alpha": 4.71238898038469,
    "beta1": 2.356194490192345,
    "beta2": 0.7853981633974483
  },
  "agents": {
    "Reflex": {
      "E": {
        "A1B1": -0.6078,
        "A1B2": 0.6188,
        "A2B1": -0.5860000000000001,
        "A2B2": -0.5888
      },
      "counts": {
        "A1B1": {
          "01": 3946,
          "00": 949,
          "11": 1012,
          "10": 4093
        },
        "A1B2": {
          "01": 966,
          "10": 940,
          "00": 3976,
          "11": 4118
        },
        "A2B1": {
          "01": 3870,
          "11": 1034,
          "00": 1036,
          "10": 4060
        },
        "A2B2": {
          "00": 985,
          "11": 1071,
          "10": 3897,
          "01": 4047
        }
      },
      "S_SB": 0.40139999999999976,
      "S_SB_err_1sigma_shotnoise": 0.02
    },
    "Guessing": {
      "E": {
        "A1B1": -0.5844,
        "A1B2": 0.5878,
        "A2B1": -0.5516000000000001,
        "A2B2": -0.5548000000000001
      },
      "counts": {
        "A1B1": {
          "01": 3919,
          "00": 1068,
          "11": 1010,
          "10": 4003
        },
        "A1B2": {
          "01": 1016,
          "10": 1045,
          "00": 4038,
          "11": 3901
        },
        "A2B1": {
          "00": 1160,
          "10": 3854,
          "11": 1082,
          "01": 3904
        },
        "A2B2": {
          "01": 3905,
          "00": 1130,
          "10": 3869,
          "11": 1096
        }
      },
      "S_SB": 0.2786000000000004,
      "S_SB_err_1sigma_shotnoise": 0.02
    },
    "Betting": {
      "E": {
        "A1B1": -0.639,
        "A1B2": 0.6358,
        "A2B1": -0.626,
        "A2B2": -0.638
      },
      "counts": {
        "A1B1": {
          "00": 920,
          "11": 885,
          "10": 4019,
          "01": 4176
        },
        "A1B2": {
          "01": 923,
          "00": 4092,
          "10": 898,
          "11": 4087
        },
        "A2B1": {
          "01": 4039,
          "11": 944,
          "00": 926,
          "10": 4091
        },
        "A2B2": {
          "01": 4135,
          "00": 892,
          "10": 4055,
          "11": 918
        }
      },
      "S_SB": 0.5387999999999997,
      "S_SB_err_1sigma_shotnoise": 0.02
    }
  }
}