{
  "kind": "lf_violations",
  "source_file": "fake_hardware_noise_sim.json",
  "source_path": "/Users/joshua/PycharmProjects/masters_thesis_project/data/data_fake_hardware/ibm_marrakesh_20260408_095050/fake_hardware_noise_sim.json",
  "agents": {
    "Betting Agent": {
      "S": 0.6920238425344141,
      "correlators": {
        "E11": -0.6908055329536208,
        "E12": 0.6755020080321286,
        "E21": -0.6554132712456344,
        "E22": -0.6703030303030303
      },
      "correlator_shots": {
        "E11": 2458,
        "E12": 2490,
        "E21": 2577,
        "E22": 2475
      },
      "num_bitstrings": 129,
      "total_shots": 10000,
      "violation": true
    },
    "Guessing Agent": {
      "S": 0.660601280282632,
      "correlators": {
        "E11": -0.6822729091636655,
        "E12": 0.6894941634241245,
        "E21": -0.637883008356546,
        "E22": -0.6509511993382961
      },
      "correlator_shots": {
        "E11": 2499,
        "E12": 2570,
        "E21": 2513,
        "E22": 2418
      },
      "num_bitstrings": 91,
      "total_shots": 10000,
      "violation": true
    },
    "Reflex Agent": {
      "S": 0.6920323683435137,
      "correlators": {
        "E11": -0.6873015873015873,
        "E12": 0.6852300242130751,
        "E21": -0.6589390962671906,
        "E22": -0.6605616605616605
      },
      "correlator_shots": {
        "E11": 2520,
        "E12": 2478,
        "E21": 2545,
        "E22": 2457
      },
      "num_bitstrings": 56,
      "total_shots": 10000,
      "violation": true
    },
    "Always 3/4 Agent": {
      "S": 0.6575633825173526,
      "correlators": {
        "E11": -0.6486704270749396,
        "E12": 0.6726403823178017,
        "E21": -0.6735353535353535,
        "E22": -0.6627172195892576
      },
      "correlator_shots": {
        "E11": 2482,
        "E12": 2511,
        "E21": 2475,
        "E22": 2532
      },
      "num_bitstrings": 121,
      "total_shots": 10000,
      "violation": true
    }
  }
}