{
  "kind": "lf_violations",
  "source_file": "fake_hardware_noise_sim.json",
  "source_path": "/Users/joshua/PycharmProjects/masters_thesis_project/data/data_fake_hardware/ibm_marrakesh_20260408_094421/fake_hardware_noise_sim.json",
  "agents": {
    "Betting Agent": {
      "S": 0.6448884209170909,
      "correlators": {
        "E11": -0.6729857819905213,
        "E12": 0.6846307385229541,
        "E21": -0.6219657779546359,
        "E22": -0.6653061224489796
      },
      "correlator_shots": {
        "E11": 2532,
        "E12": 2505,
        "E21": 2513,
        "E22": 2450
      },
      "num_bitstrings": 135,
      "total_shots": 10000,
      "violation": true
    },
    "Guessing Agent": {
      "S": 0.6927454430035769,
      "correlators": {
        "E11": -0.6731234866828087,
        "E12": 0.6974141258201466,
        "E21": -0.6774709883953581,
        "E22": -0.6447368421052632
      },
      "correlator_shots": {
        "E11": 2478,
        "E12": 2591,
        "E21": 2499,
        "E22": 2432
      },
      "num_bitstrings": 89,
      "total_shots": 10000,
      "violation": true
    },
    "Reflex Agent": {
      "S": 0.6960232225965424,
      "correlators": {
        "E11": -0.6731078904991948,
        "E12": 0.6775244299674267,
        "E21": -0.6706827309236948,
        "E22": -0.6747081712062257
      },
      "correlator_shots": {
        "E11": 2484,
        "E12": 2456,
        "E21": 2490,
        "E22": 2570
      },
      "num_bitstrings": 55,
      "total_shots": 10000,
      "violation": true
    },
    "Always 3/4 Agent": {
      "S": 0.6890923516543941,
      "correlators": {
        "E11": -0.6661367249602543,
        "E12": 0.6805837049047426,
        "E21": -0.6535922330097087,
        "E22": -0.6887796887796888
      },
      "correlator_shots": {
        "E11": 2516,
        "E12": 2467,
        "E21": 2575,
        "E22": 2442
      },
      "num_bitstrings": 127,
      "total_shots": 10000,
      "violation": true
    }
  }
}