{
  "kind": "lf_violations",
  "source_file": "fake_hardware_noise_sim.json",
  "source_path": "/Users/joshua/PycharmProjects/agent-like-observers-ewfs/data/data_fake_hardware/ibm_marrakesh_20260408_101752/fake_hardware_noise_sim.json",
  "agents": {
    "Betting Agent": {
      "S": 0.6341411799793715,
      "correlators": {
        "E11": -0.6830732292917167,
        "E12": 0.6580483736447039,
        "E21": -0.6483691328560064,
        "E22": -0.6446504441869447
      },
      "correlator_shots": {
        "E11": 2499,
        "E12": 2398,
        "E21": 2514,
        "E22": 2589
      },
      "num_bitstrings": 129,
      "total_shots": 10000,
      "violation": true
    },
    "Guessing Agent": {
      "S": 0.6729649954969572,
      "correlators": {
        "E11": -0.6755210461789947,
        "E12": 0.6907536907536908,
        "E21": -0.6515455640305098,
        "E22": -0.655144694533762
      },
      "correlator_shots": {
        "E11": 2447,
        "E12": 2574,
        "E21": 2491,
        "E22": 2488
      },
      "num_bitstrings": 89,
      "total_shots": 10000,
      "violation": true
    },
    "Reflex Agent": {
      "S": 0.6644329743959148,
      "correlators": {
        "E11": -0.6759371221281741,
        "E12": 0.670751633986928,
        "E21": -0.6576715497301465,
        "E22": -0.6600726685506662
      },
      "correlator_shots": {
        "E11": 2481,
        "E12": 2448,
        "E21": 2594,
        "E22": 2477
      },
      "num_bitstrings": 58,
      "total_shots": 10000,
      "violation": true
    },
    "Always 3/4 Agent": {
      "S": 0.6675794052485742,
      "correlators": {
        "E11": -0.6932958651144119,
        "E12": 0.6693679092382496,
        "E21": -0.6391752577319587,
        "E22": -0.665740373163954
      },
      "correlator_shots": {
        "E11": 2491,
        "E12": 2468,
        "E21": 2522,
        "E22": 2519
      },
      "num_bitstrings": 118,
      "total_shots": 10000,
      "violation": true
    }
  }
}