{
  "kind": "lf_violations",
  "source_file": "real_hardware_run.json",
  "source_path": "/Users/joshua/PycharmProjects/masters_thesis_project/data/data_real_hardware/ibm_marrakesh_20260408_094008/real_hardware_run.json",
  "agents": {
    "Betting Agent": {
      "S": 0.3609986889801178,
      "correlators": {
        "E11": -0.6518548715858133,
        "E12": 0.6227495908346972,
        "E21": -0.5144097907619424,
        "E22": -0.5719844357976653
      },
      "correlator_shots": {
        "E11": 2453,
        "E12": 2444,
        "E21": 2533,
        "E22": 2570
      },
      "num_bitstrings": 197,
      "total_shots": 10000,
      "violation": true
    },
    "Guessing Agent": {
      "S": 0.46961202108239375,
      "correlators": {
        "E11": -0.6303518440016956,
        "E12": 0.6625816993464052,
        "E21": -0.5854490337248958,
        "E22": -0.591229444009397
      },
      "correlator_shots": {
        "E11": 2359,
        "E12": 2448,
        "E21": 2639,
        "E22": 2554
      },
      "num_bitstrings": 113,
      "total_shots": 10000,
      "violation": true
    },
    "Reflex Agent": {
      "S": 0.4938778111273492,
      "correlators": {
        "E11": -0.6639209225700164,
        "E12": 0.6496350364963503,
        "E21": -0.5762845849802372,
        "E22": -0.6040372670807453
      },
      "correlator_shots": {
        "E11": 2428,
        "E12": 2466,
        "E21": 2530,
        "E22": 2576
      },
      "num_bitstrings": 63,
      "total_shots": 10000,
      "violation": true
    },
    "Always 3/4 Agent": {
      "S": 0.44228389793162215,
      "correlators": {
        "E11": -0.6180150125104253,
        "E12": 0.6491935483870968,
        "E21": -0.528152260111023,
        "E22": -0.6469230769230769
      },
      "correlator_shots": {
        "E11": 2398,
        "E12": 2480,
        "E21": 2522,
        "E22": 2600
      },
      "num_bitstrings": 149,
      "total_shots": 10000,
      "violation": true
    }
  }
}