{
  "kind": "fake_hardware_noise_sim",
  "timestamp": "20260224_150820",
  "backend": "ibm_torino",
  "shots": 10000,
  "angles": {
    "alpha": 4.71238898038469,
    "beta1": 2.356194490192345,
    "beta2": 0.7853981633974483
  },
  "agents": {
    "Reflex": {
      "E": {
        "A1B1": -0.617,
        "A1B2": 0.6144,
        "A2B1": -0.5888,
        "A2B2": -0.5904
      },
      "counts": {
        "A1B1": {
          "11": 969,
          "00": 946,
          "10": 4080,
          "01": 4005
        },
        "A1B2": {
          "01": 942,
          "10": 986,
          "11": 4013,
          "00": 4059
        },
        "A2B1": {
          "01": 3926,
          "11": 1022,
          "00": 1034,
          "10": 4018
        },
        "A2B2": {
          "01": 3931,
          "00": 1012,
          "11": 1036,
          "10": 4021
        }
      },
      "S_SB": 0.41059999999999963,
      "S_SB_err_1sigma_shotnoise": 0.02
    },
    "Guessing": {
      "E": {
        "A1B1": -0.5940000000000001,
        "A1B2": 0.5914,
        "A2B1": -0.5412,
        "A2B2": -0.5234000000000001
      },
      "counts": {
        "A1B1": {
          "01": 3904,
          "00": 1006,
          "11": 1024,
          "10": 4066
        },
        "A1B2": {
          "01": 1023,
          "10": 1020,
          "00": 3895,
          "11": 4062
        },
        "A2B1": {
          "01": 3822,
          "00": 1173,
          "10": 3884,
          "11": 1121
        },
        "A2B2": {
          "01": 3824,
          "00": 1156,
          "11": 1227,
          "10": 3793
        }
      },
      "S_SB": 0.25,
      "S_SB_err_1sigma_shotnoise": 0.02
    },
    "Betting": {
      "E": {
        "A1B1": -0.65,
        "A1B2": 0.6342000000000001,
        "A2B1": -0.642,
        "A2B2": -0.631
      },
      "counts": {
        "A1B1": {
          "00": 890,
          "11": 860,
          "10": 4138,
          "01": 4112
        },
        "A1B2": {
          "10": 919,
          "00": 4105,
          "11": 4066,
          "01": 910
        },
        "A2B1": {
          "11": 880,
          "00": 910,
          "10": 4081,
          "01": 4129
        },
        "A2B2": {
          "01": 4127,
          "11": 914,
          "00": 931,
          "10": 4028
        }
      },
      "S_SB": 0.5571999999999999,
      "S_SB_err_1sigma_shotnoise": 0.02
    }
  }
}