{
  "kind": "lf_violations",
  "source_file": "fake_hardware_noise_sim.json",
  "source_path": "/Users/joshua/PycharmProjects/agent-like-observers-ewfs/data/data_fake_hardware/ibm_marrakesh_20260408_095528/fake_hardware_noise_sim.json",
  "agents": {
    "Betting Agent": {
      "S": 0.6816847087959377,
      "correlators": {
        "E11": -0.6679841897233202,
        "E12": 0.6859903381642513,
        "E21": -0.6636661211129297,
        "E22": -0.6640440597954367
      },
      "correlator_shots": {
        "E11": 2530,
        "E12": 2484,
        "E21": 2444,
        "E22": 2542
      },
      "num_bitstrings": 135,
      "total_shots": 10000,
      "violation": true
    },
    "Guessing Agent": {
      "S": 0.6215889123090954,
      "correlators": {
        "E11": -0.6658673061550759,
        "E12": 0.6711783439490446,
        "E21": -0.6223491027732463,
        "E22": -0.6621941594317285
      },
      "correlator_shots": {
        "E11": 2502,
        "E12": 2512,
        "E21": 2452,
        "E22": 2534
      },
      "num_bitstrings": 87,
      "total_shots": 10000,
      "violation": true
    },
    "Reflex Agent": {
      "S": 0.7115819045997092,
      "correlators": {
        "E11": -0.6910312129593046,
        "E12": 0.684168012924071,
        "E21": -0.662690250925545,
        "E22": -0.6736924277907884
      },
      "correlator_shots": {
        "E11": 2531,
        "E12": 2476,
        "E21": 2431,
        "E22": 2562
      },
      "num_bitstrings": 54,
      "total_shots": 10000,
      "violation": true
    },
    "Always 3/4 Agent": {
      "S": 0.6523512694806515,
      "correlators": {
        "E11": -0.6824,
        "E12": 0.6940987555198715,
        "E21": -0.648572577402493,
        "E22": -0.6272799365582871
      },
      "correlator_shots": {
        "E11": 2500,
        "E12": 2491,
        "E21": 2487,
        "E22": 2522
      },
      "num_bitstrings": 124,
      "total_shots": 10000,
      "violation": true
    }
  }
}