{
  "kind": "lf_violations",
  "source_file": "noiseless_simulation.json",
  "source_path": "/Users/joshua/PycharmProjects/agent-like-observers-ewfs/data/data_noiseless_simulation/noiseless_simulation_20260408_095227/noiseless_simulation.json",
  "agents": {
    "Betting Agent": {
      "S": 0.8424925300962189,
      "correlators": {
        "E11": -0.7142630807620708,
        "E12": 0.7032064444795451,
        "E21": -0.7177849636216653,
        "E22": -0.7072380412329378
      },
      "correlator_shots": {
        "E11": 25247,
        "E12": 25324,
        "E21": 24740,
        "E22": 24689
      },
      "num_bitstrings": 24,
      "total_shots": 100000,
      "violation": true
    },
    "Guessing Agent": {
      "S": 0.8335689804159792,
      "correlators": {
        "E11": -0.7106017191977078,
        "E12": 0.7093894468356449,
        "E21": -0.7055204857062443,
        "E22": -0.708057328676382
      },
      "correlator_shots": {
        "E11": 25128,
        "E12": 25092,
        "E21": 24871,
        "E22": 24909
      },
      "num_bitstrings": 24,
      "total_shots": 100000,
      "violation": true
    },
    "Reflex Agent": {
      "S": 0.8259085573393685,
      "correlators": {
        "E11": -0.7027945468356455,
        "E12": 0.7041315683914962,
        "E21": -0.7090807398825456,
        "E22": -0.7099017022296812
      },
      "correlator_shots": {
        "E11": 25013,
        "E12": 24930,
        "E21": 25031,
        "E22": 25026
      },
      "num_bitstrings": 16,
      "total_shots": 100000,
      "violation": true
    },
    "Always 3/4 Agent": {
      "S": 0.8247588541774471,
      "correlators": {
        "E11": -0.70258603300117,
        "E12": 0.7121974598610112,
        "E21": -0.706087784744821,
        "E22": -0.7038875765704448
      },
      "correlator_shots": {
        "E11": 24787,
        "E12": 25038,
        "E21": 25198,
        "E22": 24977
      },
      "num_bitstrings": 24,
      "total_shots": 100000,
      "violation": true
    }
  }
}