{
  "kind": "lf_violations",
  "source_file": "noiseless_simulation.json",
  "source_path": "/Users/joshua/PycharmProjects/masters_thesis_project/data/data_noiseless_simulation/noiseless_simulation_20260408_094140/noiseless_simulation.json",
  "agents": {
    "Betting Agent": {
      "S": 0.8186072753032541,
      "correlators": {
        "E11": -0.7029591959316062,
        "E12": 0.7071843105863518,
        "E21": -0.7060477642678918,
        "E22": -0.7024160045174042
      },
      "correlator_shots": {
        "E11": 24973,
        "E12": 24985,
        "E21": 25249,
        "E22": 24793
      },
      "num_bitstrings": 24,
      "total_shots": 100000,
      "violation": true
    },
    "Guessing Agent": {
      "S": 0.8286351448595326,
      "correlators": {
        "E11": -0.7078176155873194,
        "E12": 0.710366699702676,
        "E21": -0.7005882588338869,
        "E22": -0.7098625707356507
      },
      "correlator_shots": {
        "E11": 25046,
        "E12": 25225,
        "E21": 24989,
        "E22": 24740
      },
      "num_bitstrings": 24,
      "total_shots": 100000,
      "violation": true
    },
    "Reflex Agent": {
      "S": 0.8318277540195584,
      "correlators": {
        "E11": -0.7079550453945527,
        "E12": 0.7070119873311149,
        "E21": -0.7100733184571246,
        "E22": -0.7067874028367658
      },
      "correlator_shots": {
        "E11": 25003,
        "E12": 24943,
        "E21": 25096,
        "E22": 24958
      },
      "num_bitstrings": 16,
      "total_shots": 100000,
      "violation": true
    },
    "Always 3/4 Agent": {
      "S": 0.8296047750495692,
      "correlators": {
        "E11": -0.708610865901613,
        "E12": 0.7074007580291243,
        "E21": -0.7075415083016603,
        "E22": -0.7060516428171716
      },
      "correlator_shots": {
        "E11": 24922,
        "E12": 25065,
        "E21": 24995,
        "E22": 25018
      },
      "num_bitstrings": 24,
      "total_shots": 100000,
      "violation": true
    }
  }
}