{
  "kind": "lf_violations",
  "source_file": "fake_hardware_noise_sim.json",
  "source_path": "/Users/joshua/PycharmProjects/agent-like-observers-ewfs/data/data_fake_hardware/ibm_marrakesh_20260408_095300/fake_hardware_noise_sim.json",
  "agents": {
    "Betting Agent": {
      "S": 0.6704237202464327,
      "correlators": {
        "E11": -0.6648089171974523,
        "E12": 0.6714111427409516,
        "E21": -0.661735305877649,
        "E22": -0.6724683544303798
      },
      "correlator_shots": {
        "E11": 2512,
        "E12": 2459,
        "E21": 2501,
        "E22": 2528
      },
      "num_bitstrings": 130,
      "total_shots": 10000,
      "violation": true
    },
    "Guessing Agent": {
      "S": 0.6438991632564703,
      "correlators": {
        "E11": -0.6641343462614954,
        "E12": 0.6892744479495269,
        "E21": -0.6541978387364921,
        "E22": -0.6362925303089558
      },
      "correlator_shots": {
        "E11": 2501,
        "E12": 2536,
        "E21": 2406,
        "E22": 2557
      },
      "num_bitstrings": 80,
      "total_shots": 10000,
      "violation": true
    },
    "Reflex Agent": {
      "S": 0.7280085181655549,
      "correlators": {
        "E11": -0.6782258064516129,
        "E12": 0.7186520376175548,
        "E21": -0.7005988023952096,
        "E22": -0.6305318717011774
      },
      "correlator_shots": {
        "E11": 2480,
        "E12": 2552,
        "E21": 2505,
        "E22": 2463
      },
      "num_bitstrings": 54,
      "total_shots": 10000,
      "violation": true
    },
    "Always 3/4 Agent": {
      "S": 0.624484829277896,
      "correlators": {
        "E11": -0.6683168316831684,
        "E12": 0.6552268244575937,
        "E21": -0.6497041420118344,
        "E22": -0.6512370311252993
      },
      "correlator_shots": {
        "E11": 2424,
        "E12": 2535,
        "E21": 2535,
        "E22": 2506
      },
      "num_bitstrings": 122,
      "total_shots": 10000,
      "violation": true
    }
  }
}