{
  "kind": "lf_violations",
  "source_file": "noiseless_simulation.json",
  "source_path": "/Users/joshua/PycharmProjects/masters_thesis_project/data/data_noiseless_simulation/noiseless_simulation_20260408_095453/noiseless_simulation.json",
  "agents": {
    "Betting Agent": {
      "S": 0.8276274803003827,
      "correlators": {
        "E11": -0.7069748580697486,
        "E12": 0.7091631882329557,
        "E21": -0.7014387047649582,
        "E22": -0.7100507292327204
      },
      "correlator_shots": {
        "E11": 24660,
        "E12": 25155,
        "E21": 24953,
        "E22": 25232
      },
      "num_bitstrings": 24,
      "total_shots": 100000,
      "violation": true
    },
    "Guessing Agent": {
      "S": 0.8304918847772593,
      "correlators": {
        "E11": -0.7031306081754736,
        "E12": 0.7089013632718525,
        "E21": -0.7074500060113013,
        "E22": -0.7110099073186321
      },
      "correlator_shots": {
        "E11": 25075,
        "E12": 24940,
        "E21": 24953,
        "E22": 25032
      },
      "num_bitstrings": 24,
      "total_shots": 100000,
      "violation": true
    },
    "Reflex Agent": {
      "S": 0.817217347172559,
      "correlators": {
        "E11": -0.6997965127877748,
        "E12": 0.7055047343925533,
        "E21": -0.7080081642454076,
        "E22": -0.7039079357468233
      },
      "correlator_shots": {
        "E11": 25063,
        "E12": 24924,
        "E21": 24987,
        "E22": 25026
      },
      "num_bitstrings": 16,
      "total_shots": 100000,
      "violation": true
    },
    "Always 3/4 Agent": {
      "S": 0.8456306753410194,
      "correlators": {
        "E11": -0.718496096861558,
        "E12": 0.7101784929920537,
        "E21": -0.714718424933243,
        "E22": -0.7022376605541643
      },
      "correlator_shots": {
        "E11": 25108,
        "E12": 25043,
        "E21": 25091,
        "E22": 24758
      },
      "num_bitstrings": 24,
      "total_shots": 100000,
      "violation": true
    }
  }
}