{
  "kind": "fake_hardware_noise_sim",
  "timestamp": "20260224_145151",
  "backend": "ibm_torino",
  "shots": 10000,
  "angles": {
    "alpha": 4.71238898038469,
    "beta1": 2.356194490192345,
    "beta2": 0.7853981633974483
  },
  "agents": {
    "Reflex": {
      "E": {
        "A1B1": -0.6266,
        "A1B2": 0.6226,
        "A2B1": -0.5982,
        "A2B2": -0.578
      },
      "counts": {
        "A1B1": {
          "01": 4084,
          "11": 934,
          "00": 933,
          "10": 4049
        },
        "A1B2": {
          "01": 933,
          "10": 954,
          "11": 4097,
          "00": 4016
        },
        "A2B1": {
          "11": 1014,
          "00": 995,
          "10": 4007,
          "01": 3984
        },
        "A2B2": {
          "00": 1036,
          "10": 3921,
          "11": 1074,
          "01": 3969
        }
      },
      "S_SB": 0.4253999999999998,
      "S_SB_err_1sigma_shotnoise": 0.02
    },
    "Guessing": {
      "E": {
        "A1B1": -0.613,
        "A1B2": 0.5894,
        "A2B1": -0.542,
        "A2B2": -0.5488
      },
      "counts": {
        "A1B1": {
          "01": 4058,
          "00": 918,
          "11": 1017,
          "10": 4007
        },
        "A1B2": {
          "10": 1042,
          "11": 4015,
          "00": 3932,
          "01": 1011
        },
        "A2B1": {
          "00": 1159,
          "11": 1131,
          "10": 3866,
          "01": 3844
        },
        "A2B2": {
          "11": 1098,
          "10": 3765,
          "00": 1158,
          "01": 3979
        }
      },
      "S_SB": 0.2931999999999997,
      "S_SB_err_1sigma_shotnoise": 0.02
    },
    "Betting": {
      "E": {
        "A1B1": -0.6382,
        "A1B2": 0.6502,
        "A2B1": -0.6242,
        "A2B2": -0.6376000000000001
      },
      "counts": {
        "A1B1": {
          "00": 875,
          "11": 934,
          "10": 4153,
          "01": 4038
        },
        "A1B2": {
          "01": 916,
          "10": 833,
          "00": 4093,
          "11": 4158
        },
        "A2B1": {
          "01": 4009,
          "00": 899,
          "11": 980,
          "10": 4112
        },
        "A2B2": {
          "01": 4101,
          "11": 892,
          "00": 920,
          "10": 4087
        }
      },
      "S_SB": 0.5501999999999998,
      "S_SB_err_1sigma_shotnoise": 0.02
    }
  }
}