{
  "kind": "lf_violations",
  "source_file": "real_hardware_run.json",
  "source_path": "/Users/joshua/PycharmProjects/agent-like-observers-ewfs/data/data_real_hardware/ibm_marrakesh_20260408_095304/real_hardware_run.json",
  "agents": {
    "Betting Agent": {
      "S": 0.3181170915119407,
      "correlators": {
        "E11": -0.6619834710743802,
        "E12": 0.6094920899250624,
        "E21": -0.5151515151515151,
        "E22": -0.5314900153609831
      },
      "correlator_shots": {
        "E11": 2420,
        "E12": 2402,
        "E21": 2574,
        "E22": 2604
      },
      "num_bitstrings": 189,
      "total_shots": 10000,
      "violation": true
    },
    "Guessing Agent": {
      "S": 0.4320490220879831,
      "correlators": {
        "E11": -0.6364389233954452,
        "E12": 0.6456504389465283,
        "E21": -0.565947242206235,
        "E22": -0.584012417539775
      },
      "correlator_shots": {
        "E11": 2415,
        "E12": 2506,
        "E21": 2502,
        "E22": 2577
      },
      "num_bitstrings": 113,
      "total_shots": 10000,
      "violation": true
    },
    "Reflex Agent": {
      "S": 0.47713997718224643,
      "correlators": {
        "E11": -0.6574450772986168,
        "E12": 0.6480793060718711,
        "E21": -0.573518090839107,
        "E22": -0.5980975029726516
      },
      "correlator_shots": {
        "E11": 2458,
        "E12": 2421,
        "E21": 2598,
        "E22": 2523
      },
      "num_bitstrings": 63,
      "total_shots": 10000,
      "violation": true
    },
    "Always 3/4 Agent": {
      "S": 0.394271956052648,
      "correlators": {
        "E11": -0.6296296296296297,
        "E12": 0.6167809600645422,
        "E21": -0.533988533988534,
        "E22": -0.6138728323699422
      },
      "correlator_shots": {
        "E11": 2484,
        "E12": 2479,
        "E21": 2442,
        "E22": 2595
      },
      "num_bitstrings": 151,
      "total_shots": 10000,
      "violation": true
    }
  }
}