{
  "kind": "lf_violations",
  "source_file": "real_hardware_run.json",
  "source_path": "/Users/joshua/PycharmProjects/masters_thesis_project/data/data_real_hardware/ibm_marrakesh_20260408_094844/real_hardware_run.json",
  "agents": {
    "Betting Agent": {
      "S": 0.2922348203045302,
      "correlators": {
        "E11": -0.6204437400950872,
        "E12": 0.6179684338324565,
        "E21": -0.49960095770151636,
        "E22": -0.5542216886754702
      },
      "correlator_shots": {
        "E11": 2524,
        "E12": 2471,
        "E21": 2506,
        "E22": 2499
      },
      "num_bitstrings": 194,
      "total_shots": 10000,
      "violation": true
    },
    "Guessing Agent": {
      "S": 0.4348511134472628,
      "correlators": {
        "E11": -0.6227180527383367,
        "E12": 0.6468686868686868,
        "E21": -0.595695618754804,
        "E22": -0.5695687550854354
      },
      "correlator_shots": {
        "E11": 2465,
        "E12": 2475,
        "E21": 2602,
        "E22": 2458
      },
      "num_bitstrings": 114,
      "total_shots": 10000,
      "violation": true
    },
    "Reflex Agent": {
      "S": 0.48698131674377265,
      "correlators": {
        "E11": -0.6334029227557412,
        "E12": 0.6659943525615167,
        "E21": -0.5752835353930387,
        "E22": -0.6123005060334761
      },
      "correlator_shots": {
        "E11": 2395,
        "E12": 2479,
        "E21": 2557,
        "E22": 2569
      },
      "num_bitstrings": 62,
      "total_shots": 10000,
      "violation": true
    },
    "Always 3/4 Agent": {
      "S": 0.497896839769044,
      "correlators": {
        "E11": -0.6533767290480065,
        "E12": 0.6525220176140912,
        "E21": -0.5405192761605035,
        "E22": -0.6514788169464428
      },
      "correlator_shots": {
        "E11": 2458,
        "E12": 2498,
        "E21": 2542,
        "E22": 2502
      },
      "num_bitstrings": 146,
      "total_shots": 10000,
      "violation": true
    }
  }
}