{
  "agents": {
    "Betting Agent": {
      "E": {
        "A1B1": -0.7081999999999999,
        "A1B2": 0.7025999999999999,
        "A2B1": -0.7030000000000001,
        "A2B2": -0.6952
      },
      "S_SB": 0.8090000000000002,
      "counts": {
        "A1B1": {
          "00": 743,
          "01": 4271,
          "10": 4270,
          "11": 716
        },
        "A1B2": {
          "00": 4273,
          "01": 765,
          "10": 722,
          "11": 4240
        },
        "A2B1": {
          "00": 770,
          "01": 4263,
          "10": 4252,
          "11": 715
        },
        "A2B2": {
          "00": 782,
          "01": 4227,
          "10": 4249,
          "11": 742
        }
      }
    },
    "Guessing Agent": {
      "E": {
        "A1B1": -0.7136,
        "A1B2": 0.7146,
        "A2B1": -0.7112,
        "A2B2": -0.702
      },
      "S_SB": 0.8414000000000001,
      "counts": {
        "A1B1": {
          "00": 725,
          "01": 4286,
          "10": 4282,
          "11": 707
        },
        "A1B2": {
          "00": 4280,
          "01": 700,
          "10": 727,
          "11": 4293
        },
        "A2B1": {
          "00": 720,
          "01": 4257,
          "10": 4299,
          "11": 724
        },
        "A2B2": {
          "00": 725,
          "01": 4226,
          "10": 4284,
          "11": 765
        }
      }
    },
    "Reflex Agent": {
      "E": {
        "A1B1": -0.6972,
        "A1B2": 0.7106,
        "A2B1": -0.7031999999999999,
        "A2B2": -0.7044
      },
      "S_SB": 0.8153999999999999,
      "counts": {
        "A1B1": {
          "00": 771,
          "01": 4221,
          "10": 4265,
          "11": 743
        },
        "A1B2": {
          "00": 4216,
          "01": 738,
          "10": 709,
          "11": 4337
        },
        "A2B1": {
          "00": 770,
          "01": 4265,
          "10": 4251,
          "11": 714
        },
        "A2B2": {
          "00": 757,
          "01": 4233,
          "10": 4289,
          "11": 721
        }
      }
    }
  },
  "angles": {
    "alpha": 4.71238898038469,
    "beta1": 2.356194490192345,
    "beta2": 0.7853981633974483
  },
  "kind": "noiseless_simulation",
  "settings": [
    {
      "A": 1,
      "B": 1,
      "label": "A1B1"
    },
    {
      "A": 1,
      "B": 2,
      "label": "A1B2"
    },
    {
      "A": 2,
      "B": 1,
      "label": "A2B1"
    },
    {
      "A": 2,
      "B": 2,
      "label": "A2B2"
    }
  ],
  "shots": 10000,
  "timestamp": "2026-02-23T15:12:23"
}