{
  "agents": {
    "Betting Agent": {
      "E": {
        "A1B1": -0.71,
        "A1B2": 0.7205999999999999,
        "A2B1": -0.7048,
        "A2B2": -0.7068000000000001
      },
      "S_SB": 0.8422000000000001,
      "counts": {
        "A1B1": {
          "00": 733,
          "01": 4265,
          "10": 4285,
          "11": 717
        },
        "A1B2": {
          "00": 4272,
          "01": 713,
          "10": 684,
          "11": 4331
        },
        "A2B1": {
          "00": 757,
          "01": 4220,
          "10": 4304,
          "11": 719
        },
        "A2B2": {
          "00": 737,
          "01": 4277,
          "10": 4257,
          "11": 729
        }
      }
    },
    "Guessing Agent": {
      "E": {
        "A1B1": -0.7111999999999999,
        "A1B2": 0.7021999999999999,
        "A2B1": -0.7168,
        "A2B2": -0.7008
      },
      "S_SB": 0.831,
      "counts": {
        "A1B1": {
          "00": 725,
          "01": 4174,
          "10": 4382,
          "11": 719
        },
        "A1B2": {
          "00": 4220,
          "01": 711,
          "10": 778,
          "11": 4291
        },
        "A2B1": {
          "00": 730,
          "01": 4259,
          "10": 4325,
          "11": 686
        },
        "A2B2": {
          "00": 743,
          "01": 4340,
          "10": 4164,
          "11": 753
        }
      }
    },
    "Reflex Agent": {
      "E": {
        "A1B1": -0.7068000000000001,
        "A1B2": 0.7024,
        "A2B1": -0.702,
        "A2B2": -0.6932
      },
      "S_SB": 0.8044000000000002,
      "counts": {
        "A1B1": {
          "00": 749,
          "01": 4290,
          "10": 4244,
          "11": 717
        },
        "A1B2": {
          "00": 4212,
          "01": 777,
          "10": 711,
          "11": 4300
        },
        "A2B1": {
          "00": 752,
          "01": 4309,
          "10": 4201,
          "11": 738
        },
        "A2B2": {
          "00": 764,
          "01": 4294,
          "10": 4172,
          "11": 770
        }
      }
    }
  },
  "angles": {
    "alpha": 4.71238898038469,
    "beta1": 2.356194490192345,
    "beta2": 0.7853981633974483
  },
  "kind": "noiseless_simulation",
  "settings": [
    {
      "A": 1,
      "B": 1,
      "label": "A1B1"
    },
    {
      "A": 1,
      "B": 2,
      "label": "A1B2"
    },
    {
      "A": 2,
      "B": 1,
      "label": "A2B1"
    },
    {
      "A": 2,
      "B": 2,
      "label": "A2B2"
    }
  ],
  "shots": 10000,
  "timestamp": "2026-02-24T14:16:20"
}