{
  "agents": {
    "Betting Agent": {
      "E": {
        "A1B1": -0.7248,
        "A1B2": 0.7082,
        "A2B1": -0.7061999999999999,
        "A2B2": -0.718
      },
      "S_SB": 0.8571999999999997,
      "counts": {
        "A1B1": {
          "00": 710,
          "01": 4330,
          "10": 4294,
          "11": 666
        },
        "A1B2": {
          "00": 4302,
          "01": 726,
          "10": 733,
          "11": 4239
        },
        "A2B1": {
          "00": 721,
          "01": 4290,
          "10": 4241,
          "11": 748
        },
        "A2B2": {
          "00": 707,
          "01": 4260,
          "10": 4330,
          "11": 703
        }
      }
    },
    "Guessing Agent": {
      "E": {
        "A1B1": -0.7076,
        "A1B2": 0.7218,
        "A2B1": -0.7,
        "A2B2": -0.7086
      },
      "S_SB": 0.8380000000000001,
      "counts": {
        "A1B1": {
          "00": 745,
          "01": 4301,
          "10": 4237,
          "11": 717
        },
        "A1B2": {
          "00": 4340,
          "01": 706,
          "10": 685,
          "11": 4269
        },
        "A2B1": {
          "00": 739,
          "01": 4219,
          "10": 4281,
          "11": 761
        },
        "A2B2": {
          "00": 722,
          "01": 4291,
          "10": 4252,
          "11": 735
        }
      }
    },
    "Reflex Agent": {
      "E": {
        "A1B1": -0.6966,
        "A1B2": 0.7176,
        "A2B1": -0.7276,
        "A2B2": -0.7106000000000001
      },
      "S_SB": 0.8524000000000003,
      "counts": {
        "A1B1": {
          "00": 729,
          "01": 4230,
          "10": 4253,
          "11": 788
        },
        "A1B2": {
          "00": 4307,
          "01": 696,
          "10": 716,
          "11": 4281
        },
        "A2B1": {
          "00": 686,
          "01": 4328,
          "10": 4310,
          "11": 676
        },
        "A2B2": {
          "00": 708,
          "01": 4323,
          "10": 4230,
          "11": 739
        }
      }
    }
  },
  "angles": {
    "alpha": 4.71238898038469,
    "beta1": 2.356194490192345,
    "beta2": 0.7853981633974483
  },
  "kind": "noiseless_simulation",
  "settings": [
    {
      "A": 1,
      "B": 1,
      "label": "A1B1"
    },
    {
      "A": 1,
      "B": 2,
      "label": "A1B2"
    },
    {
      "A": 2,
      "B": 1,
      "label": "A2B1"
    },
    {
      "A": 2,
      "B": 2,
      "label": "A2B2"
    }
  ],
  "shots": 10000,
  "timestamp": "2026-02-23T15:32:35"
}